test_name:Demo-test, case_id:166308 , suite_id:804, test_result:Failed
test_name:Memleak , case_id:166300 , suite_id:801, test_result:Passed
test_name:Demo-test, case_id:166309 , suite_id:804, test_result:Failed
test_name:Demo-test, case_id:166310 , suite_id:804, test_result:Passed
test_name:Demo-test, case_id:166311 , suite_id:804, test_result:Passed
test_name:Demo-test, case_id:166304 , suite_id:802, test_result:Failed
test_name:Demo-test, case_id:166306 , suite_id:802, test_result:Passed
test_name:Demo-test, case_id:166305 , suite_id:802, test_result:Passed
test_name:Demo-test, case_id:166301 , suite_id:801, test_result:Passed
test_name:Demo-test, case_id:166302 , suite_id:801, test_result:Failed
test_name:Demo-test, case_id:166303 , suite_id:801, test_result:Failed
test_name:Demo-test, case_id:166307 , suite_id:802, test_result:Passed
